1544887101, 9538895872
1544887142, 9291431936
1544887182, 9162457088
1544887223, 9133096960
1544887264, 9722396672
1544887305, 9191817216
1544887346, 9382658048
1544887387, 9722396672
1544887428, 9464446976
1544887469, 9382658048
1544887510, 9191817216
1544887553, 8989442048
1544887595,
1544887644,
1544887692,
1544887769,
1544887819,
1544887866,
1544888016, 8082423808
1544888058, 8271167488
1544888099, 8933867520
1544888140, 9070182400
1544888181, 8741978112
1544888222, 8755609600
1544888262, 8975810560
1544888302, 4068474880
1544888345, 9133096960
1544888386, 9613344768
1544888427, 9382658048
1544888467, 8980004864
1544888508, 9186574336
1544888549, 8909750272
1544888590, 9022996480
1544888631,
1544888677,
1544888722,
1544888768,
1544888813,
1544888858,
1544888904,
1544888951,
1544888996,
1544889042,
1544889087,
1544889132,
1544889379, 8998879232
1544889420, 8339324928
1544889461, 9261023232
1544889502, 8685355008
1544889542, 8827961344
1544889583, 8702132224
1544889624, 9055502336
1544889716, 9186574336
1544889727, 8951693312
1544889738, 9051308032
1544889749, 8841592832
1544889760, 8804892672
1544889771,
1544889788,
1544889804,
1544889819,
1544890224, 8404336640
1544890235, 8380219392
1544890246, 8886681600
1544890257, 8470396928
1544890267, 8975810560
1544890278, 9008316416
1544890290, 8947499008
1544890301, 9982443520
1544890312, 8715763712
